order_book_id,product_name,strike_price
10004533,510500C2212M05000,5.0
10004534,510500C2212M05250,5.25
10004535,510500C2212M05500,5.5
10004536,510500C2212M05750,5.75
10004537,510500C2212M06000,6.0
10004538,510500C2212M06250,6.25
10004539,510500C2212M06500,6.5
10004540,510500C2212M06750,6.75
10004541,510500C2212M07000,7.0
10004542,510500P2212M05000,5.0
10004543,510500P2212M05250,5.25
10004544,510500P2212M05500,5.5
10004545,510500P2212M05750,5.75
10004546,510500P2212M06000,6.0
10004547,510500P2212M06250,6.25
10004548,510500P2212M06500,6.5
10004549,510500P2212M06750,6.75
10004550,510500P2212M07000,7.0
10004591,510500C2212M04900,4.9
10004592,510500P2212M04900,4.9
10004765,510500C2212M07250,7.25
10004766,510500P2212M07250,7.25
10004551,510500C2303M05000,5.0
10004552,510500C2303M05250,5.25
10004553,510500C2303M05500,5.5
10004554,510500C2303M05750,5.75
10004555,510500C2303M06000,6.0
10004556,510500C2303M06250,6.25
10004557,510500C2303M06500,6.5
10004558,510500C2303M06750,6.75
10004559,510500C2303M07000,7.0
10004560,510500P2303M05000,5.0
10004561,510500P2303M05250,5.25
10004562,510500P2303M05500,5.5
10004563,510500P2303M05750,5.75
10004564,510500P2303M06000,6.0
10004565,510500P2303M06250,6.25
10004566,510500P2303M06500,6.5
10004567,510500P2303M06750,6.75
10004568,510500P2303M07000,7.0
10004593,510500C2303M04900,4.9
10004594,510500P2303M04900,4.9
10004767,510500C2303M07250,7.25
10004768,510500P2303M07250,7.25
10005163,510500C2303M07500,7.5
10005164,510500P2303M07500,7.5
10004715,510500C2306M05000,5.0
10004716,510500C2306M05250,5.25
10004717,510500C2306M05500,5.5
10004718,510500C2306M05750,5.75
10004719,510500C2306M06000,6.0
10004720,510500C2306M06250,6.25
10004721,510500C2306M06500,6.5
10004722,510500C2306M06750,6.75
10004723,510500C2306M07000,7.0
10004724,510500P2306M05000,5.0
10004725,510500P2306M05250,5.25
10004726,510500P2306M05500,5.5
10004727,510500P2306M05750,5.75
10004728,510500P2306M06000,6.0
10004729,510500P2306M06250,6.25
10004730,510500P2306M06500,6.5
10004731,510500P2306M06750,6.75
10004732,510500P2306M07000,7.0
10004757,510500C2306M04900,4.9
10004758,510500P2306M04900,4.9
10004769,510500C2306M07250,7.25
10004770,510500P2306M07250,7.25
10005165,510500C2306M07500,7.5
10005166,510500P2306M07500,7.5
10005141,510500C2309M05250,5.25
10005142,510500C2309M05500,5.5
10005143,510500C2309M05750,5.75
10005144,510500C2309M06000,6.0
10005145,510500C2309M06250,6.25
10005146,510500C2309M06500,6.5
10005147,510500C2309M06750,6.75
10005148,510500C2309M07000,7.0
10005149,510500C2309M07250,7.25
10005150,510500P2309M05250,5.25
10005151,510500P2309M05500,5.5
10005152,510500P2309M05750,5.75
10005153,510500P2309M06000,6.0
10005154,510500P2309M06250,6.25
10005155,510500P2309M06500,6.5
10005156,510500P2309M06750,6.75
10005157,510500P2309M07000,7.0
10005158,510500P2309M07250,7.25
10005167,510500C2309M07500,7.5
10005168,510500P2309M07500,7.5
10005395,510500C2309M05000,5.0
10005396,510500P2309M05000,5.0
10005901,510500C2309M04900,4.9
10005902,510500P2309M04900,4.9
10005365,510500C2312M05250,5.25
10005366,510500C2312M05500,5.5
10005367,510500C2312M05750,5.75
10005368,510500C2312M06000,6.0
10005369,510500C2312M06250,6.25
10005370,510500C2312M06500,6.5
10005371,510500C2312M06750,6.75
10005372,510500C2312M07000,7.0
10005373,510500C2312M07250,7.25
10005374,510500P2312M05250,5.25
10005375,510500P2312M05500,5.5
10005376,510500P2312M05750,5.75
10005377,510500P2312M06000,6.0
10005378,510500P2312M06250,6.25
10005379,510500P2312M06500,6.5
10005380,510500P2312M06750,6.75
10005381,510500P2312M07000,7.0
10005382,510500P2312M07250,7.25
10005397,510500C2312M05000,5.0
10005398,510500P2312M05000,5.0
10005903,510500C2312M04900,4.9
10005904,510500P2312M04900,4.9
10006147,510500C2312M04800,4.8
10006148,510500P2312M04800,4.8
10006485,510500C2312M04700,4.7
10006486,510500P2312M04700,4.7
10006309,510500C2401M04900,4.9
10006310,510500C2401M05000,5.0
10006311,510500C2401M05250,5.25
10006312,510500C2401M05500,5.5
10006313,510500C2401M05750,5.75
10006314,510500C2401M06000,6.0
10006315,510500C2401M06250,6.25
10006316,510500C2401M06500,6.5
10006317,510500C2401M06750,6.75
10006318,510500P2401M04900,4.9
10006319,510500P2401M05000,5.0
10006320,510500P2401M05250,5.25
10006321,510500P2401M05500,5.5
10006322,510500P2401M05750,5.75
10006323,510500P2401M06000,6.0
10006324,510500P2401M06250,6.25
10006325,510500P2401M06500,6.5
10006326,510500P2401M06750,6.75
10006465,510500C2401M04800,4.8
10006466,510500P2401M04800,4.8
10006487,510500C2401M04700,4.7
10006488,510500P2401M04700,4.7
10006713,510500C2401M04600,4.6
10006714,510500P2401M04600,4.6
10006721,510500C2401M04500,4.5
10006722,510500P2401M04500,4.5
10006537,510500C2402M04700,4.7
10006538,510500C2402M04800,4.8
10006539,510500C2402M04900,4.9
10006540,510500C2402M05000,5.0
10006541,510500C2402M05250,5.25
10006542,510500C2402M05500,5.5
10006543,510500C2402M05750,5.75
10006544,510500C2402M06000,6.0
10006545,510500C2402M06250,6.25
10006546,510500P2402M04700,4.7
10006547,510500P2402M04800,4.8
10006548,510500P2402M04900,4.9
10006549,510500P2402M05000,5.0
10006550,510500P2402M05250,5.25
10006551,510500P2402M05500,5.5
10006552,510500P2402M05750,5.75
10006553,510500P2402M06000,6.0
10006554,510500P2402M06250,6.25
10006595,510500C2402M06500,6.5
10006596,510500P2402M06500,6.5
10006715,510500C2402M04600,4.6
10006716,510500P2402M04600,4.6
10006723,510500C2402M04500,4.5
10006724,510500P2402M04500,4.5
10006845,510500C2402M04400,4.4
10006846,510500P2402M04400,4.4
10006863,510500C2402M04200,4.2
10006864,510500C2402M04300,4.3
10006865,510500P2402M04200,4.2
10006866,510500P2402M04300,4.3
10006879,510500C2402M04100,4.1
10006880,510500P2402M04100,4.1
10005801,510500C2403M05000,5.0
10005802,510500C2403M05250,5.25
10005803,510500C2403M05500,5.5
10005804,510500C2403M05750,5.75
10005805,510500C2403M06000,6.0
10005806,510500C2403M06250,6.25
10005807,510500C2403M06500,6.5
10005808,510500C2403M06750,6.75
10005809,510500C2403M07000,7.0
10005810,510500P2403M05000,5.0
10005811,510500P2403M05250,5.25
10005812,510500P2403M05500,5.5
10005813,510500P2403M05750,5.75
10005814,510500P2403M06000,6.0
10005815,510500P2403M06250,6.25
10005816,510500P2403M06500,6.5
10005817,510500P2403M06750,6.75
10005818,510500P2403M07000,7.0
10005869,510500C2403M07250,7.25
10005870,510500P2403M07250,7.25
10005905,510500C2403M04900,4.9
10005906,510500P2403M04900,4.9
10006149,510500C2403M04800,4.8
10006150,510500P2403M04800,4.8
10006489,510500C2403M04700,4.7
10006490,510500P2403M04700,4.7
10006717,510500C2403M04600,4.6
10006718,510500P2403M04600,4.6
10006725,510500C2403M04500,4.5
10006726,510500P2403M04500,4.5
10006847,510500C2403M04400,4.4
10006848,510500P2403M04400,4.4
10006867,510500C2403M04200,4.2
10006868,510500C2403M04300,4.3
10006869,510500P2403M04200,4.2
10006870,510500P2403M04300,4.3
10006881,510500C2403M04100,4.1
10006882,510500P2403M04100,4.1
10006951,510500C2404M04700,4.7
10006952,510500C2404M04800,4.8
10006953,510500C2404M04900,4.9
10006954,510500C2404M05000,5.0
10006955,510500C2404M05250,5.25
10006956,510500C2404M05500,5.5
10006957,510500C2404M05750,5.75
10006958,510500C2404M06000,6.0
10006959,510500C2404M06250,6.25
10006960,510500P2404M04700,4.7
10006961,510500P2404M04800,4.8
10006962,510500P2404M04900,4.9
10006963,510500P2404M05000,5.0
10006964,510500P2404M05250,5.25
10006965,510500P2404M05500,5.5
10006966,510500P2404M05750,5.75
10006967,510500P2404M06000,6.0
10006968,510500P2404M06250,6.25
10007009,510500C2404M06500,6.5
10007010,510500P2404M06500,6.5
10007071,510500C2405M04700,4.7
10007071,510500C2405A04700,4.626
10007072,510500C2405M04800,4.8
10007072,510500C2405A04800,4.724
10007073,510500C2405M04900,4.9
10007073,510500C2405A04900,4.823
10007074,510500C2405M05000,5.0
10007074,510500C2405A05000,4.921
10007075,510500C2405M05250,5.25
10007075,510500C2405A05250,5.167
10007076,510500C2405M05500,5.5
10007076,510500C2405A05500,5.413
10007077,510500C2405M05750,5.75
10007077,510500C2405A05750,5.659
10007078,510500C2405M06000,6.0
10007078,510500C2405A06000,5.906
10007079,510500C2405M06250,6.25
10007079,510500C2405A06250,6.152
10007080,510500P2405M04700,4.7
10007080,510500P2405A04700,4.626
10007081,510500P2405M04800,4.8
10007081,510500P2405A04800,4.724
10007082,510500P2405M04900,4.9
10007082,510500P2405A04900,4.823
10007083,510500P2405M05000,5.0
10007083,510500P2405A05000,4.921
10007084,510500P2405M05250,5.25
10007084,510500P2405A05250,5.167
10007085,510500P2405M05500,5.5
10007085,510500P2405A05500,5.413
10007086,510500P2405M05750,5.75
10007086,510500P2405A05750,5.659
10007087,510500P2405M06000,6.0
10007087,510500P2405A06000,5.906
10007088,510500P2405M06250,6.25
10007088,510500P2405A06250,6.152
10007131,510500C2405M06500,6.5
10007131,510500C2405A06500,6.398
10007132,510500P2405M06500,6.5
10007132,510500P2405A06500,6.398
10007255,510500C2405M06750,6.75
10007255,510500C2405A06750,6.644
10007256,510500P2405M06750,6.75
10007256,510500P2405A06750,6.644
10007261,510500C2405M04800,4.8
10007262,510500C2405M04900,4.9
10007263,510500C2405M05000,5.0
10007264,510500C2405M05250,5.25
10007265,510500C2405M05500,5.5
10007266,510500C2405M05750,5.75
10007267,510500C2405M06000,6.0
10007268,510500C2405M06250,6.25
10007269,510500C2405M06500,6.5
10007270,510500P2405M04800,4.8
10007271,510500P2405M04900,4.9
10007272,510500P2405M05000,5.0
10007273,510500P2405M05250,5.25
10007274,510500P2405M05500,5.5
10007275,510500P2405M05750,5.75
10007276,510500P2405M06000,6.0
10007277,510500P2405M06250,6.25
10007278,510500P2405M06500,6.5
10006203,510500C2406M04800,4.8
10006203,510500C2406A04800,4.724
10006204,510500C2406M04900,4.9
10006204,510500C2406A04900,4.823
10006205,510500C2406M05000,5.0
10006205,510500C2406A05000,4.921
10006206,510500C2406M05250,5.25
10006206,510500C2406A05250,5.167
10006207,510500C2406M05500,5.5
10006207,510500C2406A05500,5.413
10006208,510500C2406M05750,5.75
10006208,510500C2406A05750,5.659
10006209,510500C2406M06000,6.0
10006209,510500C2406A06000,5.906
10006210,510500C2406M06250,6.25
10006210,510500C2406A06250,6.152
10006211,510500C2406M06500,6.5
10006211,510500C2406A06500,6.398
10006212,510500P2406M04800,4.8
10006212,510500P2406A04800,4.724
10006213,510500P2406M04900,4.9
10006213,510500P2406A04900,4.823
10006214,510500P2406M05000,5.0
10006214,510500P2406A05000,4.921
10006215,510500P2406M05250,5.25
10006215,510500P2406A05250,5.167
10006216,510500P2406M05500,5.5
10006216,510500P2406A05500,5.413
10006217,510500P2406M05750,5.75
10006217,510500P2406A05750,5.659
10006218,510500P2406M06000,6.0
10006218,510500P2406A06000,5.906
10006219,510500P2406M06250,6.25
10006219,510500P2406A06250,6.152
10006220,510500P2406M06500,6.5
10006220,510500P2406A06500,6.398
10006263,510500C2406M06750,6.75
10006263,510500C2406A06750,6.644
10006264,510500P2406M06750,6.75
10006264,510500P2406A06750,6.644
10006491,510500C2406M04700,4.7
10006491,510500C2406A04700,4.626
10006492,510500P2406M04700,4.7
10006492,510500P2406A04700,4.626
10006719,510500C2406M04600,4.6
10006719,510500C2406A04600,4.528
10006720,510500P2406M04600,4.6
10006720,510500P2406A04600,4.528
10006727,510500C2406M04500,4.5
10006727,510500C2406A04500,4.429
10006728,510500P2406M04500,4.5
10006728,510500P2406A04500,4.429
10006849,510500C2406M04400,4.4
10006849,510500C2406A04400,4.331
10006850,510500P2406M04400,4.4
10006850,510500P2406A04400,4.331
10006871,510500C2406M04200,4.2
10006871,510500C2406A04200,4.134
10006872,510500C2406M04300,4.3
10006872,510500C2406A04300,4.232
10006873,510500P2406M04200,4.2
10006873,510500P2406A04200,4.134
10006874,510500P2406M04300,4.3
10006874,510500P2406A04300,4.232
10006883,510500C2406M04100,4.1
10006883,510500C2406A04100,4.035
10006884,510500P2406M04100,4.1
10006884,510500P2406A04100,4.035
10007279,510500C2406M04800,4.8
10007280,510500C2406M04900,4.9
10007281,510500C2406M05000,5.0
10007282,510500C2406M05250,5.25
10007283,510500C2406M05500,5.5
10007284,510500C2406M05750,5.75
10007285,510500C2406M06000,6.0
10007286,510500C2406M06250,6.25
10007287,510500C2406M06500,6.5
10007288,510500P2406M04800,4.8
10007289,510500P2406M04900,4.9
10007290,510500P2406M05000,5.0
10007291,510500P2406M05250,5.25
10007292,510500P2406M05500,5.5
10007293,510500P2406M05750,5.75
10007294,510500P2406M06000,6.0
10007295,510500P2406M06250,6.25
10007296,510500P2406M06500,6.5
10007427,510500C2406M04700,4.7
10007428,510500P2406M04700,4.7
10007443,510500C2406M04600,4.6
10007444,510500P2406M04600,4.6
10007369,510500C2407M04800,4.8
10007370,510500C2407M04900,4.9
10007371,510500C2407M05000,5.0
10007372,510500C2407M05250,5.25
10007373,510500C2407M05500,5.5
10007374,510500C2407M05750,5.75
10007375,510500C2407M06000,6.0
10007376,510500C2407M06250,6.25
10007377,510500C2407M06500,6.5
10007378,510500P2407M04800,4.8
10007379,510500P2407M04900,4.9
10007380,510500P2407M05000,5.0
10007381,510500P2407M05250,5.25
10007382,510500P2407M05500,5.5
10007383,510500P2407M05750,5.75
10007384,510500P2407M06000,6.0
10007385,510500P2407M06250,6.25
10007386,510500P2407M06500,6.5
10007429,510500C2407M04700,4.7
10007430,510500P2407M04700,4.7
10007445,510500C2407M04600,4.6
10007446,510500P2407M04600,4.6
10007547,510500C2407M04500,4.5
10007548,510500P2407M04500,4.5
10007573,510500C2407M04400,4.4
10007574,510500P2407M04400,4.4
10007487,510500C2408M04600,4.6
10007488,510500C2408M04700,4.7
10007489,510500C2408M04800,4.8
10007490,510500C2408M04900,4.9
10007491,510500C2408M05000,5.0
10007492,510500C2408M05250,5.25
10007493,510500C2408M05500,5.5
10007494,510500C2408M05750,5.75
10007495,510500C2408M06000,6.0
10007496,510500P2408M04600,4.6
10007497,510500P2408M04700,4.7
10007498,510500P2408M04800,4.8
10007499,510500P2408M04900,4.9
10007500,510500P2408M05000,5.0
10007501,510500P2408M05250,5.25
10007502,510500P2408M05500,5.5
10007503,510500P2408M05750,5.75
10007504,510500P2408M06000,6.0
10007549,510500C2408M04500,4.5
10007550,510500P2408M04500,4.5
10007575,510500C2408M04400,4.4
10007576,510500P2408M04400,4.4
10007589,510500C2408M04300,4.3
10007590,510500P2408M04300,4.3
10007699,510500C2408M04200,4.2
10007700,510500P2408M04200,4.2
10006765,510500C2409M04600,4.6
10006765,510500C2409A04600,4.528
10006766,510500C2409M04700,4.7
10006766,510500C2409A04700,4.626
10006767,510500C2409M04800,4.8
10006767,510500C2409A04800,4.724
10006768,510500C2409M04900,4.9
10006768,510500C2409A04900,4.823
10006769,510500C2409M05000,5.0
10006769,510500C2409A05000,4.921
10006770,510500C2409M05250,5.25
10006770,510500C2409A05250,5.167
10006771,510500C2409M05500,5.5
10006771,510500C2409A05500,5.413
10006772,510500C2409M05750,5.75
10006772,510500C2409A05750,5.659
10006773,510500C2409M06000,6.0
10006773,510500C2409A06000,5.906
10006774,510500P2409M04600,4.6
10006774,510500P2409A04600,4.528
10006775,510500P2409M04700,4.7
10006775,510500P2409A04700,4.626
10006776,510500P2409M04800,4.8
10006776,510500P2409A04800,4.724
10006777,510500P2409M04900,4.9
10006777,510500P2409A04900,4.823
10006778,510500P2409M05000,5.0
10006778,510500P2409A05000,4.921
10006779,510500P2409M05250,5.25
10006779,510500P2409A05250,5.167
10006780,510500P2409M05500,5.5
10006780,510500P2409A05500,5.413
10006781,510500P2409M05750,5.75
10006781,510500P2409A05750,5.659
10006782,510500P2409M06000,6.0
10006782,510500P2409A06000,5.906
10006821,510500C2409M06250,6.25
10006821,510500C2409A06250,6.152
10006822,510500P2409M06250,6.25
10006822,510500P2409A06250,6.152
10006835,510500C2409M04500,4.5
10006835,510500C2409A04500,4.429
10006836,510500P2409M04500,4.5
10006836,510500P2409A04500,4.429
10006851,510500C2409M04400,4.4
10006851,510500C2409A04400,4.331
10006852,510500P2409M04400,4.4
10006852,510500P2409A04400,4.331
10006875,510500C2409M04200,4.2
10006875,510500C2409A04200,4.134
10006876,510500C2409M04300,4.3
10006876,510500C2409A04300,4.232
10006877,510500P2409M04200,4.2
10006877,510500P2409A04200,4.134
10006878,510500P2409M04300,4.3
10006878,510500P2409A04300,4.232
10006885,510500C2409M04100,4.1
10006885,510500C2409A04100,4.035
10006886,510500P2409M04100,4.1
10006886,510500P2409A04100,4.035
10006911,510500C2409M06500,6.5
10006911,510500C2409A06500,6.398
10006912,510500P2409M06500,6.5
10006912,510500P2409A06500,6.398
10007257,510500C2409M06750,6.75
10007257,510500C2409A06750,6.644
10007258,510500P2409M06750,6.75
10007258,510500P2409A06750,6.644
10007297,510500C2409M04800,4.8
10007298,510500C2409M04900,4.9
10007299,510500C2409M05000,5.0
10007300,510500C2409M05250,5.25
10007301,510500C2409M05500,5.5
10007302,510500C2409M05750,5.75
10007303,510500C2409M06000,6.0
10007304,510500C2409M06250,6.25
10007305,510500C2409M06500,6.5
10007306,510500P2409M04800,4.8
10007307,510500P2409M04900,4.9
10007308,510500P2409M05000,5.0
10007309,510500P2409M05250,5.25
10007310,510500P2409M05500,5.5
10007311,510500P2409M05750,5.75
10007312,510500P2409M06000,6.0
10007313,510500P2409M06250,6.25
10007314,510500P2409M06500,6.5
10007431,510500C2409M04700,4.7
10007432,510500P2409M04700,4.7
10007447,510500C2409M04600,4.6
10007448,510500P2409M04600,4.6
10007551,510500C2409M04500,4.5
10007552,510500P2409M04500,4.5
10007577,510500C2409M04400,4.4
10007578,510500P2409M04400,4.4
10007591,510500C2409M04300,4.3
10007592,510500P2409M04300,4.3
10007701,510500C2409M04200,4.2
10007702,510500P2409M04200,4.2
10007837,510500C2409M04100,4.1
10007838,510500P2409M04100,4.1
10007745,510500C2410M04200,4.2
10007746,510500C2410M04300,4.3
10007747,510500C2410M04400,4.4
10007748,510500C2410M04500,4.5
10007749,510500C2410M04600,4.6
10007750,510500C2410M04700,4.7
10007751,510500C2410M04800,4.8
10007752,510500C2410M04900,4.9
10007753,510500C2410M05000,5.0
10007754,510500P2410M04200,4.2
10007755,510500P2410M04300,4.3
10007756,510500P2410M04400,4.4
10007757,510500P2410M04500,4.5
10007758,510500P2410M04600,4.6
10007759,510500P2410M04700,4.7
10007760,510500P2410M04800,4.8
10007761,510500P2410M04900,4.9
10007762,510500P2410M05000,5.0
10007807,510500C2410M05250,5.25
10007808,510500P2410M05250,5.25
10007839,510500C2410M04100,4.1
10007840,510500P2410M04100,4.1
10007853,510500C2410M05500,5.5
10007854,510500P2410M05500,5.5
10007971,510500C2410M05750,5.75
10007972,510500C2410M06000,6.0
10007973,510500P2410M05750,5.75
10007974,510500P2410M06000,6.0
10008019,510500C2410M06250,6.25
10008020,510500C2410M06500,6.5
10008021,510500P2410M06250,6.25
10008022,510500P2410M06500,6.5
10008095,510500C2410M06750,6.75
10008096,510500C2410M07000,7.0
10008097,510500P2410M06750,6.75
10008098,510500P2410M07000,7.0
10008189,510500C2410M07250,7.25
10008190,510500P2410M07250,7.25
10007897,510500C2411M04400,4.4
10007898,510500C2411M04500,4.5
10007899,510500C2411M04600,4.6
10007900,510500C2411M04700,4.7
10007901,510500C2411M04800,4.8
10007902,510500C2411M04900,4.9
10007903,510500C2411M05000,5.0
10007904,510500C2411M05250,5.25
10007905,510500C2411M05500,5.5
10007906,510500P2411M04400,4.4
10007907,510500P2411M04500,4.5
10007908,510500P2411M04600,4.6
10007909,510500P2411M04700,4.7
10007910,510500P2411M04800,4.8
10007911,510500P2411M04900,4.9
10007912,510500P2411M05000,5.0
10007913,510500P2411M05250,5.25
10007914,510500P2411M05500,5.5
10007975,510500C2411M05750,5.75
10007976,510500C2411M06000,6.0
10007977,510500P2411M05750,5.75
10007978,510500P2411M06000,6.0
10008023,510500C2411M06250,6.25
10008024,510500C2411M06500,6.5
10008025,510500P2411M06250,6.25
10008026,510500P2411M06500,6.5
10008099,510500C2411M06750,6.75
10008100,510500C2411M07000,7.0
10008101,510500P2411M06750,6.75
10008102,510500P2411M07000,7.0
10008191,510500C2411M07250,7.25
10008192,510500P2411M07250,7.25
10008375,510500C2411M07500,7.5
10008376,510500P2411M07500,7.5
10007175,510500C2412M04700,4.7
10007175,510500C2412A04700,4.626
10007176,510500C2412M04800,4.8
10007176,510500C2412A04800,4.724
10007177,510500C2412M04900,4.9
10007177,510500C2412A04900,4.823
10007178,510500C2412M05000,5.0
10007178,510500C2412A05000,4.921
10007179,510500C2412M05250,5.25
10007179,510500C2412A05250,5.167
10007180,510500C2412M05500,5.5
10007180,510500C2412A05500,5.413
10007181,510500C2412M05750,5.75
10007181,510500C2412A05750,5.659
10007182,510500C2412M06000,6.0
10007182,510500C2412A06000,5.906
10007183,510500C2412M06250,6.25
10007183,510500C2412A06250,6.152
10007184,510500P2412M04700,4.7
10007184,510500P2412A04700,4.626
10007185,510500P2412M04800,4.8
10007185,510500P2412A04800,4.724
10007186,510500P2412M04900,4.9
10007186,510500P2412A04900,4.823
10007187,510500P2412M05000,5.0
10007187,510500P2412A05000,4.921
10007188,510500P2412M05250,5.25
10007188,510500P2412A05250,5.167
10007189,510500P2412M05500,5.5
10007189,510500P2412A05500,5.413
10007190,510500P2412M05750,5.75
10007190,510500P2412A05750,5.659
10007191,510500P2412M06000,6.0
10007191,510500P2412A06000,5.906
10007192,510500P2412M06250,6.25
10007192,510500P2412A06250,6.152
10007233,510500C2412M06500,6.5
10007233,510500C2412A06500,6.398
10007234,510500P2412M06500,6.5
10007234,510500P2412A06500,6.398
10007259,510500C2412M06750,6.75
10007259,510500C2412A06750,6.644
10007260,510500P2412M06750,6.75
10007260,510500P2412A06750,6.644
10007315,510500C2412M04800,4.8
10007316,510500C2412M04900,4.9
10007317,510500C2412M05000,5.0
10007318,510500C2412M05250,5.25
10007319,510500C2412M05500,5.5
10007320,510500C2412M05750,5.75
10007321,510500C2412M06000,6.0
10007322,510500C2412M06250,6.25
10007323,510500C2412M06500,6.5
10007324,510500P2412M04800,4.8
10007325,510500P2412M04900,4.9
10007326,510500P2412M05000,5.0
10007327,510500P2412M05250,5.25
10007328,510500P2412M05500,5.5
10007329,510500P2412M05750,5.75
10007330,510500P2412M06000,6.0
10007331,510500P2412M06250,6.25
10007332,510500P2412M06500,6.5
10007433,510500C2412M04700,4.7
10007434,510500P2412M04700,4.7
10007449,510500C2412M04600,4.6
10007450,510500P2412M04600,4.6
10007553,510500C2412M04500,4.5
10007554,510500P2412M04500,4.5
10007579,510500C2412M04400,4.4
10007580,510500P2412M04400,4.4
10007593,510500C2412M04300,4.3
10007594,510500P2412M04300,4.3
10007703,510500C2412M04200,4.2
10007704,510500P2412M04200,4.2
10007841,510500C2412M04100,4.1
10007842,510500P2412M04100,4.1
10008103,510500C2412M06750,6.75
10008104,510500C2412M07000,7.0
10008105,510500P2412M06750,6.75
10008106,510500P2412M07000,7.0
10008193,510500C2412M07250,7.25
10008194,510500P2412M07250,7.25
10008377,510500C2412M07500,7.5
10008378,510500P2412M07500,7.5
10008427,510500C2501M05000,5.0
10008427,510500C2501A05000,4.919
10008428,510500C2501M05250,5.25
10008428,510500C2501A05250,5.165
10008429,510500C2501M05500,5.5
10008429,510500C2501A05500,5.411
10008430,510500C2501M05750,5.75
10008430,510500C2501A05750,5.657
10008431,510500C2501M06000,6.0
10008431,510500C2501A06000,5.903
10008432,510500C2501M06250,6.25
10008432,510500C2501A06250,6.149
10008433,510500C2501M06500,6.5
10008433,510500C2501A06500,6.394
10008434,510500C2501M06750,6.75
10008434,510500C2501A06750,6.64
10008435,510500C2501M07000,7.0
10008435,510500C2501A07000,6.886
10008436,510500P2501M05000,5.0
10008436,510500P2501A05000,4.919
10008437,510500P2501M05250,5.25
10008437,510500P2501A05250,5.165
10008438,510500P2501M05500,5.5
10008438,510500P2501A05500,5.411
10008439,510500P2501M05750,5.75
10008439,510500P2501A05750,5.657
10008440,510500P2501M06000,6.0
10008440,510500P2501A06000,5.903
10008441,510500P2501M06250,6.25
10008441,510500P2501A06250,6.149
10008442,510500P2501M06500,6.5
10008442,510500P2501A06500,6.394
10008443,510500P2501M06750,6.75
10008443,510500P2501A06750,6.64
10008444,510500P2501M07000,7.0
10008444,510500P2501A07000,6.886
10008483,510500C2501M04900,4.9
10008483,510500C2501A04900,4.82
10008484,510500P2501M04900,4.9
10008484,510500P2501A04900,4.82
10008569,510500C2501M07250,7.25
10008569,510500C2501A07250,7.132
10008570,510500P2501M07250,7.25
10008570,510500P2501A07250,7.132
10008689,510500C2501M04800,4.8
10008689,510500C2501A04800,4.722
10008690,510500P2501M04800,4.8
10008690,510500P2501A04800,4.722
10008713,510500C2501M04800,4.8
10008714,510500C2501M04900,4.9
10008715,510500C2501M05000,5.0
10008716,510500C2501M05250,5.25
10008717,510500C2501M05500,5.5
10008718,510500C2501M05750,5.75
10008719,510500C2501M06000,6.0
10008720,510500C2501M06250,6.25
10008721,510500C2501M06500,6.5
10008722,510500P2501M04800,4.8
10008723,510500P2501M04900,4.9
10008724,510500P2501M05000,5.0
10008725,510500P2501M05250,5.25
10008726,510500P2501M05500,5.5
10008727,510500P2501M05750,5.75
10008728,510500P2501M06000,6.0
10008729,510500P2501M06250,6.25
10008730,510500P2501M06500,6.5
10008785,510500C2501M06750,6.75
10008786,510500P2501M06750,6.75
10008609,510500C2502M05000,5.0
10008609,510500C2502A05000,4.919
10008610,510500C2502M05250,5.25
10008610,510500C2502A05250,5.165
10008611,510500C2502M05500,5.5
10008611,510500C2502A05500,5.411
10008612,510500C2502M05750,5.75
10008612,510500C2502A05750,5.657
10008613,510500C2502M06000,6.0
10008613,510500C2502A06000,5.903
10008614,510500C2502M06250,6.25
10008614,510500C2502A06250,6.149
10008615,510500C2502M06500,6.5
10008615,510500C2502A06500,6.394
10008616,510500C2502M06750,6.75
10008616,510500C2502A06750,6.64
10008617,510500C2502M07000,7.0
10008617,510500C2502A07000,6.886
10008618,510500P2502M05000,5.0
10008618,510500P2502A05000,4.919
10008619,510500P2502M05250,5.25
10008619,510500P2502A05250,5.165
10008620,510500P2502M05500,5.5
10008620,510500P2502A05500,5.411
10008621,510500P2502M05750,5.75
10008621,510500P2502A05750,5.657
10008622,510500P2502M06000,6.0
10008622,510500P2502A06000,5.903
10008623,510500P2502M06250,6.25
10008623,510500P2502A06250,6.149
10008624,510500P2502M06500,6.5
10008624,510500P2502A06500,6.394
10008625,510500P2502M06750,6.75
10008625,510500P2502A06750,6.64
10008626,510500P2502M07000,7.0
10008626,510500P2502A07000,6.886
10008669,510500C2502M04900,4.9
10008669,510500C2502A04900,4.82
10008670,510500P2502M04900,4.9
10008670,510500P2502A04900,4.82
10008691,510500C2502M04800,4.8
10008691,510500C2502A04800,4.722
10008692,510500P2502M04800,4.8
10008692,510500P2502A04800,4.722
10008731,510500C2502M04800,4.8
10008732,510500C2502M04900,4.9
10008733,510500C2502M05000,5.0
10008734,510500C2502M05250,5.25
10008735,510500C2502M05500,5.5
10008736,510500C2502M05750,5.75
10008737,510500C2502M06000,6.0
10008738,510500C2502M06250,6.25
10008739,510500C2502M06500,6.5
10008740,510500P2502M04800,4.8
10008741,510500P2502M04900,4.9
10008742,510500P2502M05000,5.0
10008743,510500P2502M05250,5.25
10008744,510500P2502M05500,5.5
10008745,510500P2502M05750,5.75
10008746,510500P2502M06000,6.0
10008747,510500P2502M06250,6.25
10008748,510500P2502M06500,6.5
10008787,510500C2502M06750,6.75
10008788,510500P2502M06750,6.75
10008897,510500C2502M07000,7.0
10008898,510500P2502M07000,7.0
10007631,510500C2503M04300,4.3
10007631,510500C2503A04300,4.23
10007632,510500C2503M04400,4.4
10007632,510500C2503A04400,4.329
10007633,510500C2503M04500,4.5
10007633,510500C2503A04500,4.427
10007634,510500C2503M04600,4.6
10007634,510500C2503A04600,4.525
10007635,510500C2503M04700,4.7
10007635,510500C2503A04700,4.624
10007636,510500C2503M04800,4.8
10007636,510500C2503A04800,4.722
10007637,510500C2503M04900,4.9
10007637,510500C2503A04900,4.82
10007638,510500C2503M05000,5.0
10007638,510500C2503A05000,4.919
10007639,510500C2503M05250,5.25
10007639,510500C2503A05250,5.165
10007640,510500P2503M04300,4.3
10007640,510500P2503A04300,4.23
10007641,510500P2503M04400,4.4
10007641,510500P2503A04400,4.329
10007642,510500P2503M04500,4.5
10007642,510500P2503A04500,4.427
10007643,510500P2503M04600,4.6
10007643,510500P2503A04600,4.525
10007644,510500P2503M04700,4.7
10007644,510500P2503A04700,4.624
10007645,510500P2503M04800,4.8
10007645,510500P2503A04800,4.722
10007646,510500P2503M04900,4.9
10007646,510500P2503A04900,4.82
10007647,510500P2503M05000,5.0
10007647,510500P2503A05000,4.919
10007648,510500P2503M05250,5.25
10007648,510500P2503A05250,5.165
10007685,510500C2503M05500,5.5
10007685,510500C2503A05500,5.411
10007686,510500P2503M05500,5.5
10007686,510500P2503A05500,5.411
10007693,510500C2503M05750,5.75
10007693,510500C2503A05750,5.657
10007694,510500C2503M06000,6.0
10007694,510500C2503A06000,5.903
10007695,510500P2503M05750,5.75
10007695,510500P2503A05750,5.657
10007696,510500P2503M06000,6.0
10007696,510500P2503A06000,5.903
10007705,510500C2503M04200,4.2
10007705,510500C2503A04200,4.132
10007706,510500P2503M04200,4.2
10007706,510500P2503A04200,4.132
10007843,510500C2503M04100,4.1
10007843,510500C2503A04100,4.033
10007844,510500P2503M04100,4.1
10007844,510500P2503A04100,4.033
10008027,510500C2503M06250,6.25
10008027,510500C2503A06250,6.149
10008028,510500C2503M06500,6.5
10008028,510500C2503A06500,6.394
10008029,510500P2503M06250,6.25
10008029,510500P2503A06250,6.149
10008030,510500P2503M06500,6.5
10008030,510500P2503A06500,6.394
10008107,510500C2503M06750,6.75
10008107,510500C2503A06750,6.64
10008108,510500C2503M07000,7.0
10008108,510500C2503A07000,6.886
10008109,510500P2503M06750,6.75
10008109,510500P2503A06750,6.64
10008110,510500P2503M07000,7.0
10008110,510500P2503A07000,6.886
10008195,510500C2503M07250,7.25
10008195,510500C2503A07250,7.132
10008196,510500P2503M07250,7.25
10008196,510500P2503A07250,7.132
10008379,510500C2503M07500,7.5
10008379,510500C2503A07500,7.378
10008380,510500P2503M07500,7.5
10008380,510500P2503A07500,7.378
10008749,510500C2503M04800,4.8
10008750,510500C2503M04900,4.9
10008751,510500C2503M05000,5.0
10008752,510500C2503M05250,5.25
10008753,510500C2503M05500,5.5
10008754,510500C2503M05750,5.75
10008755,510500C2503M06000,6.0
10008756,510500C2503M06250,6.25
10008757,510500C2503M06500,6.5
10008758,510500P2503M04800,4.8
10008759,510500P2503M04900,4.9
10008760,510500P2503M05000,5.0
10008761,510500P2503M05250,5.25
10008762,510500P2503M05500,5.5
10008763,510500P2503M05750,5.75
10008764,510500P2503M06000,6.0
10008765,510500P2503M06250,6.25
10008766,510500P2503M06500,6.5
10008789,510500C2503M06750,6.75
10008790,510500P2503M06750,6.75
10008899,510500C2503M07000,7.0
10008900,510500P2503M07000,7.0
10009041,510500C2503M07250,7.25
10009042,510500P2503M07250,7.25
10008967,510500C2504M05000,5.0
10008968,510500C2504M05250,5.25
10008969,510500C2504M05500,5.5
10008970,510500C2504M05750,5.75
10008971,510500C2504M06000,6.0
10008972,510500C2504M06250,6.25
10008973,510500C2504M06500,6.5
10008974,510500C2504M06750,6.75
10008975,510500C2504M07000,7.0
10008976,510500P2504M05000,5.0
10008977,510500P2504M05250,5.25
10008978,510500P2504M05500,5.5
10008979,510500P2504M05750,5.75
10008980,510500P2504M06000,6.0
10008981,510500P2504M06250,6.25
10008982,510500P2504M06500,6.5
10008983,510500P2504M06750,6.75
10008984,510500P2504M07000,7.0
10009025,510500C2504M04900,4.9
10009026,510500P2504M04900,4.9
10009043,510500C2504M07250,7.25
10009044,510500P2504M07250,7.25
10009183,510500C2504M04700,4.7
10009184,510500C2504M04800,4.8
10009185,510500P2504M04700,4.7
10009186,510500P2504M04800,4.8
10009087,510500C2505M05000,5.0
10009088,510500C2505M05250,5.25
10009089,510500C2505M05500,5.5
10009090,510500C2505M05750,5.75
10009091,510500C2505M06000,6.0
10009092,510500C2505M06250,6.25
10009093,510500C2505M06500,6.5
10009094,510500C2505M06750,6.75
10009095,510500C2505M07000,7.0
10009096,510500P2505M05000,5.0
10009097,510500P2505M05250,5.25
10009098,510500P2505M05500,5.5
10009099,510500P2505M05750,5.75
10009100,510500P2505M06000,6.0
10009101,510500P2505M06250,6.25
10009102,510500P2505M06500,6.5
10009103,510500P2505M06750,6.75
10009104,510500P2505M07000,7.0
10009141,510500C2505M04900,4.9
10009142,510500P2505M04900,4.9
10009187,510500C2505M04700,4.7
10009188,510500C2505M04800,4.8
10009189,510500P2505M04700,4.7
10009190,510500P2505M04800,4.8
10008297,510500C2506M04900,4.9
10008297,510500C2506A04900,4.82
10008298,510500C2506M05000,5.0
10008298,510500C2506A05000,4.919
10008299,510500C2506M05250,5.25
10008299,510500C2506A05250,5.165
10008300,510500C2506M05500,5.5
10008300,510500C2506A05500,5.411
10008301,510500C2506M05750,5.75
10008301,510500C2506A05750,5.657
10008302,510500C2506M06000,6.0
10008302,510500C2506A06000,5.903
10008303,510500C2506M06250,6.25
10008303,510500C2506A06250,6.149
10008304,510500C2506M06500,6.5
10008304,510500C2506A06500,6.394
10008305,510500C2506M06750,6.75
10008305,510500C2506A06750,6.64
10008306,510500P2506M04900,4.9
10008306,510500P2506A04900,4.82
10008307,510500P2506M05000,5.0
10008307,510500P2506A05000,4.919
10008308,510500P2506M05250,5.25
10008308,510500P2506A05250,5.165
10008309,510500P2506M05500,5.5
10008309,510500P2506A05500,5.411
10008310,510500P2506M05750,5.75
10008310,510500P2506A05750,5.657
10008311,510500P2506M06000,6.0
10008311,510500P2506A06000,5.903
10008312,510500P2506M06250,6.25
10008312,510500P2506A06250,6.149
10008313,510500P2506M06500,6.5
10008313,510500P2506A06500,6.394
10008314,510500P2506M06750,6.75
10008314,510500P2506A06750,6.64
10008353,510500C2506M07000,7.0
10008353,510500C2506A07000,6.886
10008354,510500P2506M07000,7.0
10008354,510500P2506A07000,6.886
10008363,510500C2506M07250,7.25
10008363,510500C2506A07250,7.132
10008364,510500P2506M07250,7.25
10008364,510500P2506A07250,7.132
10008381,510500C2506M07500,7.5
10008381,510500C2506A07500,7.378
10008382,510500P2506M07500,7.5
10008382,510500P2506A07500,7.378
10008693,510500C2506M04800,4.8
10008693,510500C2506A04800,4.722
10008694,510500P2506M04800,4.8
10008694,510500P2506A04800,4.722
10008767,510500C2506M04800,4.8
10008768,510500C2506M04900,4.9
10008769,510500C2506M05000,5.0
10008770,510500C2506M05250,5.25
10008771,510500C2506M05500,5.5
10008772,510500C2506M05750,5.75
10008773,510500C2506M06000,6.0
10008774,510500C2506M06250,6.25
10008775,510500C2506M06500,6.5
10008776,510500P2506M04800,4.8
10008777,510500P2506M04900,4.9
10008778,510500P2506M05000,5.0
10008779,510500P2506M05250,5.25
10008780,510500P2506M05500,5.5
10008781,510500P2506M05750,5.75
10008782,510500P2506M06000,6.0
10008783,510500P2506M06250,6.25
10008784,510500P2506M06500,6.5
10008791,510500C2506M06750,6.75
10008792,510500P2506M06750,6.75
10008901,510500C2506M07000,7.0
10008902,510500P2506M07000,7.0
10009045,510500C2506M07250,7.25
10009046,510500P2506M07250,7.25
10009191,510500C2506M04700,4.7
10009192,510500P2506M04700,4.7
10009359,510500C2507M04900,4.9
10009360,510500C2507M05000,5.0
10009361,510500C2507M05250,5.25
10009362,510500C2507M05500,5.5
10009363,510500C2507M05750,5.75
10009364,510500C2507M06000,6.0
10009365,510500C2507M06250,6.25
10009366,510500C2507M06500,6.5
10009367,510500C2507M06750,6.75
10009368,510500P2507M04900,4.9
10009369,510500P2507M05000,5.0
10009370,510500P2507M05250,5.25
10009371,510500P2507M05500,5.5
10009372,510500P2507M05750,5.75
10009373,510500P2507M06000,6.0
10009374,510500P2507M06250,6.25
10009375,510500P2507M06500,6.5
10009376,510500P2507M06750,6.75
10009505,510500C2507M07000,7.0
10009506,510500P2507M07000,7.0
10009611,510500C2507M07250,7.25
10009612,510500P2507M07250,7.25
10009545,510500C2508M05000,5.0
10009546,510500C2508M05250,5.25
10009547,510500C2508M05500,5.5
10009548,510500C2508M05750,5.75
10009549,510500C2508M06000,6.0
10009550,510500C2508M06250,6.25
10009551,510500C2508M06500,6.5
10009552,510500C2508M06750,6.75
10009553,510500C2508M07000,7.0
10009554,510500P2508M05000,5.0
10009555,510500P2508M05250,5.25
10009556,510500P2508M05500,5.5
10009557,510500P2508M05750,5.75
10009558,510500P2508M06000,6.0
10009559,510500P2508M06250,6.25
10009560,510500P2508M06500,6.5
10009561,510500P2508M06750,6.75
10009562,510500P2508M07000,7.0
10009613,510500C2508M07250,7.25
10009614,510500P2508M07250,7.25
10009741,510500C2508M07500,7.5
10009742,510500P2508M07500,7.5
10009765,510500C2508M07750,7.75
10009766,510500P2508M07750,7.75
10009825,510500C2508M08000,8.0
10009826,510500P2508M08000,8.0
10008829,510500C2509M04800,4.8
10008830,510500C2509M04900,4.9
10008831,510500C2509M05000,5.0
10008832,510500C2509M05250,5.25
10008833,510500C2509M05500,5.5
10008834,510500C2509M05750,5.75
10008835,510500C2509M06000,6.0
10008836,510500C2509M06250,6.25
10008837,510500C2509M06500,6.5
10008838,510500P2509M04800,4.8
10008839,510500P2509M04900,4.9
10008840,510500P2509M05000,5.0
10008841,510500P2509M05250,5.25
10008842,510500P2509M05500,5.5
10008843,510500P2509M05750,5.75
10008844,510500P2509M06000,6.0
10008845,510500P2509M06250,6.25
10008846,510500P2509M06500,6.5
10008887,510500C2509M06750,6.75
10008888,510500P2509M06750,6.75
10008903,510500C2509M07000,7.0
10008904,510500P2509M07000,7.0
10009047,510500C2509M07250,7.25
10009048,510500P2509M07250,7.25
10009193,510500C2509M04700,4.7
10009194,510500P2509M04700,4.7
10009743,510500C2509M07500,7.5
10009744,510500P2509M07500,7.5
10009767,510500C2509M07750,7.75
10009768,510500P2509M07750,7.75
10009827,510500C2509M08000,8.0
10009828,510500P2509M08000,8.0
10010007,510500C2509M08250,8.25
10010008,510500P2509M08250,8.25
10009925,510500C2510M06000,6.0
10009926,510500C2510M06250,6.25
10009927,510500C2510M06500,6.5
10009928,510500C2510M06750,6.75
10009929,510500C2510M07000,7.0
10009930,510500C2510M07250,7.25
10009931,510500C2510M07500,7.5
10009932,510500C2510M07750,7.75
10009933,510500C2510M08000,8.0
10009934,510500P2510M06000,6.0
10009935,510500P2510M06250,6.25
10009936,510500P2510M06500,6.5
10009937,510500P2510M06750,6.75
10009938,510500P2510M07000,7.0
10009939,510500P2510M07250,7.25
10009940,510500P2510M07500,7.5
10009941,510500P2510M07750,7.75
10009942,510500P2510M08000,8.0
10010009,510500C2510M08250,8.25
10010010,510500P2510M08250,8.25
10010017,510500C2510M05750,5.75
10010018,510500P2510M05750,5.75
10010047,510500C2510M08500,8.5
10010048,510500P2510M08500,8.5
10010183,510500C2510M08750,8.75
10010184,510500P2510M08750,8.75
10010101,510500C2511M06500,6.5
10010102,510500C2511M06750,6.75
10010103,510500C2511M07000,7.0
10010104,510500C2511M07250,7.25
10010105,510500C2511M07500,7.5
10010106,510500C2511M07750,7.75
10010107,510500C2511M08000,8.0
10010108,510500C2511M08250,8.25
10010109,510500C2511M08500,8.5
10010110,510500P2511M06500,6.5
10010111,510500P2511M06750,6.75
10010112,510500P2511M07000,7.0
10010113,510500P2511M07250,7.25
10010114,510500P2511M07500,7.5
10010115,510500P2511M07750,7.75
10010116,510500P2511M08000,8.0
10010117,510500P2511M08250,8.25
10010118,510500P2511M08500,8.5
10010155,510500C2511M06250,6.25
10010156,510500P2511M06250,6.25
10010185,510500C2511M08750,8.75
10010186,510500P2511M08750,8.75
10010283,510500C2511M06000,6.0
10010284,510500P2511M06000,6.0
10009253,510500C2512M04900,4.9
10009254,510500C2512M05000,5.0
10009255,510500C2512M05250,5.25
10009256,510500C2512M05500,5.5
10009257,510500C2512M05750,5.75
10009258,510500C2512M06000,6.0
10009259,510500C2512M06250,6.25
10009260,510500C2512M06500,6.5
10009261,510500C2512M06750,6.75
10009262,510500P2512M04900,4.9
10009263,510500P2512M05000,5.0
10009264,510500P2512M05250,5.25
10009265,510500P2512M05500,5.5
10009266,510500P2512M05750,5.75
10009267,510500P2512M06000,6.0
10009268,510500P2512M06250,6.25
10009269,510500P2512M06500,6.5
10009270,510500P2512M06750,6.75
10009307,510500C2512M04800,4.8
10009308,510500P2512M04800,4.8
10009507,510500C2512M07000,7.0
10009508,510500P2512M07000,7.0
10009615,510500C2512M07250,7.25
10009616,510500P2512M07250,7.25
10009745,510500C2512M07500,7.5
10009746,510500P2512M07500,7.5
10009769,510500C2512M07750,7.75
10009770,510500P2512M07750,7.75
10009829,510500C2512M08000,8.0
10009830,510500P2512M08000,8.0
10010011,510500C2512M08250,8.25
10010012,510500P2512M08250,8.25
10010049,510500C2512M08500,8.5
10010050,510500P2512M08500,8.5
10010187,510500C2512M08750,8.75
10010188,510500P2512M08750,8.75
10010477,510500C2601M06000,6.0
10010477,510500C2601A06000,5.955
10010478,510500C2601M06250,6.25
10010478,510500C2601A06250,6.203
10010479,510500C2601M06500,6.5
10010479,510500C2601A06500,6.452
10010480,510500C2601M06750,6.75
10010480,510500C2601A06750,6.7
10010481,510500C2601M07000,7.0
10010481,510500C2601A07000,6.948
10010482,510500C2601M07250,7.25
10010482,510500C2601A07250,7.196
10010483,510500C2601M07500,7.5
10010483,510500C2601A07500,7.444
10010484,510500C2601M07750,7.75
10010484,510500C2601A07750,7.692
10010485,510500C2601M08000,8.0
10010485,510500C2601A08000,7.94
10010486,510500P2601M06000,6.0
10010486,510500P2601A06000,5.955
10010487,510500P2601M06250,6.25
10010487,510500P2601A06250,6.203
10010488,510500P2601M06500,6.5
10010488,510500P2601A06500,6.452
10010489,510500P2601M06750,6.75
10010489,510500P2601A06750,6.7
10010490,510500P2601M07000,7.0
10010490,510500P2601A07000,6.948
10010491,510500P2601M07250,7.25
10010491,510500P2601A07250,7.196
10010492,510500P2601M07500,7.5
10010492,510500P2601A07500,7.444
10010493,510500P2601M07750,7.75
10010493,510500P2601A07750,7.692
10010494,510500P2601M08000,8.0
10010494,510500P2601A08000,7.94
10010531,510500C2601M08250,8.25
10010531,510500C2601A08250,8.189
10010532,510500P2601M08250,8.25
10010532,510500P2601A08250,8.189
10010625,510500C2601M08500,8.5
10010625,510500C2601A08500,8.437
10010626,510500P2601M08500,8.5
10010626,510500P2601A08500,8.437
10010731,510500C2601M08750,8.75
10010731,510500C2601A08750,8.685
10010732,510500P2601M08750,8.75
10010732,510500P2601A08750,8.685
10010749,510500C2601M09000,9.0
10010749,510500C2601A09000,8.933
10010750,510500P2601M09000,9.0
10010750,510500P2601A09000,8.933
10010765,510500C2601M09250,9.25
10010765,510500C2601A09250,9.181
10010766,510500P2601M09250,9.25
10010766,510500P2601A09250,9.181
10010773,510500C2601M09500,9.5
10010773,510500C2601A09500,9.429
10010774,510500P2601M09500,9.5
10010774,510500P2601A09500,9.429
10010795,510500C2601M07250,7.25
10010796,510500C2601M07500,7.5
10010797,510500C2601M07750,7.75
10010798,510500C2601M08000,8.0
10010799,510500C2601M08250,8.25
10010800,510500C2601M08500,8.5
10010801,510500C2601M08750,8.75
10010802,510500C2601M09000,9.0
10010803,510500C2601M09250,9.25
10010804,510500P2601M07250,7.25
10010805,510500P2601M07500,7.5
10010806,510500P2601M07750,7.75
10010807,510500P2601M08000,8.0
10010808,510500P2601M08250,8.25
10010809,510500P2601M08500,8.5
10010810,510500P2601M08750,8.75
10010811,510500P2601M09000,9.0
10010812,510500P2601M09250,9.25
10010939,510500C2601M09500,9.5
10010940,510500P2601M09500,9.5
10010947,510500C2601M09750,9.75
10010948,510500P2601M09750,9.75
10010663,510500C2602M06500,6.5
10010663,510500C2602A06500,6.452
10010664,510500C2602M06750,6.75
10010664,510500C2602A06750,6.7
10010665,510500C2602M07000,7.0
10010665,510500C2602A07000,6.948
10010666,510500C2602M07250,7.25
10010666,510500C2602A07250,7.196
10010667,510500C2602M07500,7.5
10010667,510500C2602A07500,7.444
10010668,510500C2602M07750,7.75
10010668,510500C2602A07750,7.692
10010669,510500C2602M08000,8.0
10010669,510500C2602A08000,7.94
10010670,510500C2602M08250,8.25
10010670,510500C2602A08250,8.189
10010671,510500C2602M08500,8.5
10010671,510500C2602A08500,8.437
10010672,510500P2602M06500,6.5
10010672,510500P2602A06500,6.452
10010673,510500P2602M06750,6.75
10010673,510500P2602A06750,6.7
10010674,510500P2602M07000,7.0
10010674,510500P2602A07000,6.948
10010675,510500P2602M07250,7.25
10010675,510500P2602A07250,7.196
10010676,510500P2602M07500,7.5
10010676,510500P2602A07500,7.444
10010677,510500P2602M07750,7.75
10010677,510500P2602A07750,7.692
10010678,510500P2602M08000,8.0
10010678,510500P2602A08000,7.94
10010679,510500P2602M08250,8.25
10010679,510500P2602A08250,8.189
10010680,510500P2602M08500,8.5
10010680,510500P2602A08500,8.437
10010733,510500C2602M08750,8.75
10010733,510500C2602A08750,8.685
10010734,510500P2602M08750,8.75
10010734,510500P2602A08750,8.685
10010751,510500C2602M09000,9.0
10010751,510500C2602A09000,8.933
10010752,510500P2602M09000,9.0
10010752,510500P2602A09000,8.933
10010767,510500C2602M09250,9.25
10010767,510500C2602A09250,9.181
10010768,510500P2602M09250,9.25
10010768,510500P2602A09250,9.181
10010775,510500C2602M09500,9.5
10010775,510500C2602A09500,9.429
10010776,510500P2602M09500,9.5
10010776,510500P2602A09500,9.429
10010813,510500C2602M07250,7.25
10010814,510500C2602M07500,7.5
10010815,510500C2602M07750,7.75
10010816,510500C2602M08000,8.0
10010817,510500C2602M08250,8.25
10010818,510500C2602M08500,8.5
10010819,510500C2602M08750,8.75
10010820,510500C2602M09000,9.0
10010821,510500C2602M09250,9.25
10010822,510500P2602M07250,7.25
10010823,510500P2602M07500,7.5
10010824,510500P2602M07750,7.75
10010825,510500P2602M08000,8.0
10010826,510500P2602M08250,8.25
10010827,510500P2602M08500,8.5
10010828,510500P2602M08750,8.75
10010829,510500P2602M09000,9.0
10010830,510500P2602M09250,9.25
10010941,510500C2602M09500,9.5
10010942,510500P2602M09500,9.5
10010949,510500C2602M09750,9.75
10010950,510500P2602M09750,9.75
10011085,510500C2602M07000,7.0
10011086,510500P2602M07000,7.0
10009669,510500C2603M05250,5.25
10009669,510500C2603A05250,5.211
10009670,510500C2603M05500,5.5
10009670,510500C2603A05500,5.459
10009671,510500C2603M05750,5.75
10009671,510500C2603A05750,5.707
10009672,510500C2603M06000,6.0
10009672,510500C2603A06000,5.955
10009673,510500C2603M06250,6.25
10009673,510500C2603A06250,6.203
10009674,510500C2603M06500,6.5
10009674,510500C2603A06500,6.452
10009675,510500C2603M06750,6.75
10009675,510500C2603A06750,6.7
10009676,510500C2603M07000,7.0
10009676,510500C2603A07000,6.948
10009677,510500C2603M07250,7.25
10009677,510500C2603A07250,7.196
10009678,510500P2603M05250,5.25
10009678,510500P2603A05250,5.211
10009679,510500P2603M05500,5.5
10009679,510500P2603A05500,5.459
10009680,510500P2603M05750,5.75
10009680,510500P2603A05750,5.707
10009681,510500P2603M06000,6.0
10009681,510500P2603A06000,5.955
10009682,510500P2603M06250,6.25
10009682,510500P2603A06250,6.203
10009683,510500P2603M06500,6.5
10009683,510500P2603A06500,6.452
10009684,510500P2603M06750,6.75
10009684,510500P2603A06750,6.7
10009685,510500P2603M07000,7.0
10009685,510500P2603A07000,6.948
10009686,510500P2603M07250,7.25
10009686,510500P2603A07250,7.196
10009747,510500C2603M07500,7.5
10009747,510500C2603A07500,7.444
10009748,510500P2603M07500,7.5
10009748,510500P2603A07500,7.444
10009771,510500C2603M07750,7.75
10009771,510500C2603A07750,7.692
10009772,510500P2603M07750,7.75
10009772,510500P2603A07750,7.692
10009831,510500C2603M08000,8.0
10009831,510500C2603A08000,7.94
10009832,510500P2603M08000,8.0
10009832,510500P2603A08000,7.94
10010013,510500C2603M08250,8.25
10010013,510500C2603A08250,8.189
10010014,510500P2603M08250,8.25
10010014,510500P2603A08250,8.189
10010051,510500C2603M08500,8.5
10010051,510500C2603A08500,8.437
10010052,510500P2603M08500,8.5
10010052,510500P2603A08500,8.437
10010189,510500C2603M08750,8.75
10010189,510500C2603A08750,8.685
10010190,510500P2603M08750,8.75
10010190,510500P2603A08750,8.685
10010753,510500C2603M09000,9.0
10010753,510500C2603A09000,8.933
10010754,510500P2603M09000,9.0
10010754,510500P2603A09000,8.933
10010769,510500C2603M09250,9.25
10010769,510500C2603A09250,9.181
10010770,510500P2603M09250,9.25
10010770,510500P2603A09250,9.181
10010777,510500C2603M09500,9.5
10010777,510500C2603A09500,9.429
10010778,510500P2603M09500,9.5
10010778,510500P2603A09500,9.429
10010831,510500C2603M07250,7.25
10010832,510500C2603M07500,7.5
10010833,510500C2603M07750,7.75
10010834,510500C2603M08000,8.0
10010835,510500C2603M08250,8.25
10010836,510500C2603M08500,8.5
10010837,510500C2603M08750,8.75
10010838,510500C2603M09000,9.0
10010839,510500C2603M09250,9.25
10010840,510500P2603M07250,7.25
10010841,510500P2603M07500,7.5
10010842,510500P2603M07750,7.75
10010843,510500P2603M08000,8.0
10010844,510500P2603M08250,8.25
10010845,510500P2603M08500,8.5
10010846,510500P2603M08750,8.75
10010847,510500P2603M09000,9.0
10010848,510500P2603M09250,9.25
10010943,510500C2603M09500,9.5
10010944,510500P2603M09500,9.5
10010951,510500C2603M09750,9.75
10010952,510500P2603M09750,9.75
10011087,510500C2603M07000,7.0
10011088,510500P2603M07000,7.0
10011235,510500C2603M06750,6.75
10011236,510500P2603M06750,6.75
10011275,510500C2603M06500,6.5
10011276,510500P2603M06500,6.5
10011139,510500C2604M07500,7.5
10011140,510500C2604M07750,7.75
10011141,510500C2604M08000,8.0
10011142,510500C2604M08250,8.25
10011143,510500C2604M08500,8.5
10011144,510500C2604M08750,8.75
10011145,510500C2604M09000,9.0
10011146,510500C2604M09250,9.25
10011147,510500C2604M09500,9.5
10011148,510500P2604M07500,7.5
10011149,510500P2604M07750,7.75
10011150,510500P2604M08000,8.0
10011151,510500P2604M08250,8.25
10011152,510500P2604M08500,8.5
10011153,510500P2604M08750,8.75
10011154,510500P2604M09000,9.0
10011155,510500P2604M09250,9.25
10011156,510500P2604M09500,9.5
10011195,510500C2604M09750,9.75
10011196,510500P2604M09750,9.75
10011211,510500C2604M07250,7.25
10011212,510500P2604M07250,7.25
10011217,510500C2604M07000,7.0
10011218,510500P2604M07000,7.0
10011237,510500C2604M06750,6.75
10011238,510500P2604M06750,6.75
10011277,510500C2604M06500,6.5
10011278,510500P2604M06500,6.5
10011327,510500C2605M06750,6.75
10011328,510500C2605M07000,7.0
10011329,510500C2605M07250,7.25
10011330,510500C2605M07500,7.5
10011331,510500C2605M07750,7.75
10011332,510500C2605M08000,8.0
10011333,510500C2605M08250,8.25
10011334,510500C2605M08500,8.5
10011335,510500C2605M08750,8.75
10011336,510500P2605M06750,6.75
10011337,510500P2605M07000,7.0
10011338,510500P2605M07250,7.25
10011339,510500P2605M07500,7.5
10011340,510500P2605M07750,7.75
10011341,510500P2605M08000,8.0
10011342,510500P2605M08250,8.25
10011343,510500P2605M08500,8.5
10011344,510500P2605M08750,8.75
10011395,510500C2605M06500,6.5
10011396,510500P2605M06500,6.5
10011403,510500C2605M09000,9.0
10011404,510500P2605M09000,9.0
10011411,510500C2605M09250,9.25
10011412,510500P2605M09250,9.25
10010331,510500C2606M06250,6.25
10010331,510500C2606A06250,6.203
10010332,510500C2606M06500,6.5
10010332,510500C2606A06500,6.452
10010333,510500C2606M06750,6.75
10010333,510500C2606A06750,6.7
10010334,510500C2606M07000,7.0
10010334,510500C2606A07000,6.948
10010335,510500C2606M07250,7.25
10010335,510500C2606A07250,7.196
10010336,510500C2606M07500,7.5
10010336,510500C2606A07500,7.444
10010337,510500C2606M07750,7.75
10010337,510500C2606A07750,7.692
10010338,510500C2606M08000,8.0
10010338,510500C2606A08000,7.94
10010339,510500C2606M08250,8.25
10010339,510500C2606A08250,8.189
10010340,510500P2606M06250,6.25
10010340,510500P2606A06250,6.203
10010341,510500P2606M06500,6.5
10010341,510500P2606A06500,6.452
10010342,510500P2606M06750,6.75
10010342,510500P2606A06750,6.7
10010343,510500P2606M07000,7.0
10010343,510500P2606A07000,6.948
10010344,510500P2606M07250,7.25
10010344,510500P2606A07250,7.196
10010345,510500P2606M07500,7.5
10010345,510500P2606A07500,7.444
10010346,510500P2606M07750,7.75
10010346,510500P2606A07750,7.692
10010347,510500P2606M08000,8.0
10010347,510500P2606A08000,7.94
10010348,510500P2606M08250,8.25
10010348,510500P2606A08250,8.189
10010403,510500C2606M08500,8.5
10010403,510500C2606A08500,8.437
10010404,510500P2606M08500,8.5
10010404,510500P2606A08500,8.437
10010427,510500C2606M06000,6.0
10010427,510500C2606A06000,5.955
10010428,510500P2606M06000,6.0
10010428,510500P2606A06000,5.955
10010735,510500C2606M08750,8.75
10010735,510500C2606A08750,8.685
10010736,510500P2606M08750,8.75
10010736,510500P2606A08750,8.685
10010755,510500C2606M09000,9.0
10010755,510500C2606A09000,8.933
10010756,510500P2606M09000,9.0
10010756,510500P2606A09000,8.933
10010771,510500C2606M09250,9.25
10010771,510500C2606A09250,9.181
10010772,510500P2606M09250,9.25
10010772,510500P2606A09250,9.181
10010779,510500C2606M09500,9.5
10010779,510500C2606A09500,9.429
10010780,510500P2606M09500,9.5
10010780,510500P2606A09500,9.429
10010849,510500C2606M07250,7.25
10010850,510500C2606M07500,7.5
10010851,510500C2606M07750,7.75
10010852,510500C2606M08000,8.0
10010853,510500C2606M08250,8.25
10010854,510500C2606M08500,8.5
10010855,510500C2606M08750,8.75
10010856,510500C2606M09000,9.0
10010857,510500C2606M09250,9.25
10010858,510500P2606M07250,7.25
10010859,510500P2606M07500,7.5
10010860,510500P2606M07750,7.75
10010861,510500P2606M08000,8.0
10010862,510500P2606M08250,8.25
10010863,510500P2606M08500,8.5
10010864,510500P2606M08750,8.75
10010865,510500P2606M09000,9.0
10010866,510500P2606M09250,9.25
10010945,510500C2606M09500,9.5
10010946,510500P2606M09500,9.5
10010953,510500C2606M09750,9.75
10010954,510500P2606M09750,9.75
10011089,510500C2606M07000,7.0
10011090,510500P2606M07000,7.0
10011239,510500C2606M06750,6.75
10011240,510500P2606M06750,6.75
10011279,510500C2606M06500,6.5
10011280,510500P2606M06500,6.5
